Unnamed: 0,Projected area (sq. in),Thickness (in),Flow Length (inches),Peak Injection Pressure (psi),Pack pressures used (psi),Actual Tonnage used (tons)
,21,0.06999999999999999,7.72,18908,8550,74
,35,0.089,6.67,23794,6736,120
,47,0.092,3.86,19348,12263,142
,57,0.132,10.12,15059,16380,151
,69,0.143,12.33,14888,12026,218
,32,0.787,1.67,11065,6005,82
,23,0.057999999999999996,7.62,18928,8345,74
,32,0.074,6.87,23926,6270,121
,46,0.10300000000000001,3.79,19347,12664,139
,55,0.133,9.71,15010,16422,149
,65,0.149,12.27,14906,11936,219
,28,0.781,2.26,10931,5993,79
,21,0.069,7.28,18874,8261,77
,36,0.084,6.23,23805,6290,118
,43,0.095,4.41,19320,12480,141
,54,0.122,9.6,15118,16103,149
,67,0.141,11.98,14902,12082,220
,31,0.77,1.63,10941,5866,82
,23,0.054,7.43,19014,8053,76
,33,0.084,6.47,23757,6665,118
,47,0.095,3.62,19296,12695,139
,57,0.124,10.0,14977,16265,150
,67,0.147,11.93,14836,11951,218
,30,0.778,2.05,11073,5914,81
,25,0.068,7.34,18970,8443,75
,36,0.083,6.45,23847,6661,122
,47,0.097,3.7,19422,12728,141
,57,0.119,10.37,15129,16123,151
,69,0.143,11.62,14882,12225,219
,30,0.786,2.39,10994,6209,81
,24,0.064,7.59,19019,8199,77
,36,0.08600000000000001,6.05,23810,6551,119
,44,0.092,3.75,19339,12572,140
,56,0.134,9.72,15049,16351,149
,66,0.16,11.69,14731,12098,222
,28,0.783,1.73,10971,5920,78
,25,0.068,6.8,18858,8258,75
,36,0.076,6.47,23855,6620,121
,44,0.094,3.98,19249,12619,142
,54,0.124,9.52,14937,16374,152
,69,0.15,11.86,14780,12222,219
,30,0.779,2.01,10960,6001,82
,23,0.052,7.59,18931,8505,74
,33,0.077,6.9,23810,6342,119
,45,0.10500000000000001,3.7199999999999998,19281,12486,142
,57,0.115,9.68,15098,16148,149
,67,0.155,12.32,14867,12156,218
,30,0.778,2.14,10988,5939,81
,22,0.051,7.33,19051,8312,74
,36,0.073,6.08,23787,6610,121
,45,0.092,4.44,19435,12590,138
,55,0.121,9.99,15012,16343,152
,66,0.155,11.54,14868,12237,220
,31,0.773,2.34,10975,6233,80
,22,0.059,7.46,18926,8424,73
,32,0.07,6.34,23856,6667,121
,43,0.10200000000000001,4.44,19250,12298,141
,58,0.115,9.72,15128,16297,151
,69,0.141,11.69,14861,12179,222
,28,0.775,2.04,10918,6196,81
,22,0.066,7.06,18878,8508,76
,33,0.081,6.37,23896,6289,122
,46,0.1,4.48,19377,12663,142
,56,0.131,9.98,14963,16077,152
,69,0.143,12.43,14861,12005,218
,32,0.789,1.65,10965,5883,82
,21,0.055,7.53,18929,8247,75
,34,0.088,6.59,23889,6454,119
,43,0.09000000000000001,3.79,19295,12294,142
,54,0.122,9.59,14954,16321,149
,69,0.16,12.28,14764,11927,220
,28,0.778,2.19,11002,6250,82
,21,0.055,7.46,18939,8547,76
,34,0.09,6.77,23734,6372,119
,44,0.10400000000000001,3.66,19410,12445,139
,57,0.132,9.57,15080,16458,149
,68,0.157,11.8,14752,12205,218
,30,0.779,2.45,11076,6216,80
,21,0.055999999999999994,7.74,19032,8332,75
,34,0.078,6.33,23794,6602,122
,47,0.093,4.39,19334,12348,142
,56,0.11699999999999999,10.1,15123,16345,148
,69,0.159,11.67,14816,11819,218
,30,0.778,2.06,11084,5934,81
,21,0.054,6.89,18858,8169,74
,36,0.09,6.29,23925,6447,118
,44,0.097,4.45,19297,12603,138
,56,0.131,10.42,15017,16404,151
,69,0.145,11.83,14843,11779,219
,32,0.788,1.5899999999999999,10979,5808,82
,22,0.06999999999999999,6.9,18916,8354,73
,36,0.07200000000000001,6.94,23819,6747,118
,43,0.10600000000000001,4.42,19433,12320,140
,55,0.134,10.36,14950,16362,152
,67,0.13999999999999999,12.26,14901,11794,219
,30,0.789,1.58,11017,5784,79
,24,0.067,7.18,18924,8479,75
,34,0.082,6.15,23806,6317,120
,47,0.11,4.13,19394,12485,139
,54,0.131,9.99,15001,16207,149
,69,0.155,11.76,14763,12100,218
,28,0.772,2.3,10958,6127,81
,23,0.052,7.46,19020,8106,76
,33,0.088,6.57,23791,6261,122
,47,0.092,4.5,19246,12611,140
,54,0.133,10.31,15024,16116,152
,66,0.147,11.53,14768,12236,222
,30,0.79,2.38,11044,6137,82
,22,0.056999999999999995,7.1,18996,8382,73
,34,0.084,6.77,23850,6569,120
,46,0.097,3.59,19298,12698,141
,55,0.121,9.57,15068,16520,152
,67,0.15,12.27,14753,11779,221
,30,0.774,1.69,10986,5806,82
,25,0.06,7.22,18857,8529,75
,36,0.08700000000000001,6.76,23791,6293,120
,43,0.10500000000000001,4.22,19330,12530,140
,55,0.126,9.81,14966,16532,152
,66,0.151,12.29,14779,11831,220
,31,0.773,2.14,11017,6203,78
,24,0.064,7.69,18875,8369,75
,32,0.089,6.47,23849,6481,118
,43,0.10900000000000001,3.57,19313,12541,141
,56,0.132,9.87,14972,16463,152
,67,0.144,12.26,14888,12050,220
,30,0.778,1.6099999999999999,10959,5790,78
,25,0.066,7.16,19012,8213,76
,32,0.073,6.93,23798,6534,119
,47,0.1,3.5,19388,12313,138
,57,0.133,10.12,14978,16284,148
,65,0.147,12.0,14914,12102,220
,32,0.783,1.9,11058,5764,78
,25,0.066,7.58,18879,8080,76
,36,0.073,6.8,23839,6272,121
,47,0.098,3.52,19273,12294,138
,58,0.123,10.39,14970,16322,152
,69,0.15,12.34,14738,11830,221
,29,0.771,2.29,11077,6162,81
,25,0.06,7.09,18926,8327,76
,33,0.074,6.42,23736,6624,121
,43,0.09000000000000001,4.39,19249,12449,138
,55,0.128,9.94,14984,16339,148
,67,0.148,11.6,14775,12176,218
,28,0.782,1.54,10924,6068,79
,21,0.049999999999999996,7.16,19038,8125,74
,35,0.08600000000000001,6.33,23864,6640,121
,46,0.097,4.11,19403,12517,139
,58,0.123,9.59,14999,16528,148
,69,0.141,11.75,14857,12189,222
,31,0.782,1.5,10936,6237,78
,22,0.057999999999999996,7.59,18946,8404,74
,34,0.079,6.57,23739,6487,120
,44,0.10600000000000001,3.52,19253,12563,141
,58,0.126,9.64,14957,16496,149
,66,0.143,12.44,14756,12199,221
,28,0.78,1.95,11074,6214,82
,23,0.057999999999999996,7.69,18984,8529,77
,36,0.075,6.96,23919,6590,119
,45,0.11,4.27,19377,12530,142
,54,0.13,10.2,15040,16073,152
,68,0.141,12.48,14755,12218,220
,29,0.783,1.89,11044,6012,81
,21,0.059,6.93,18942,8199,73
,35,0.08600000000000001,6.87,23733,6314,121
,46,0.091,4.15,19300,12704,138
,56,0.121,10.19,14977,16544,150
,66,0.156,12.11,14878,11983,221
,29,0.774,1.94,11030,6073,80
,22,0.06999999999999999,6.9,18977,8344,75
,36,0.08700000000000001,6.15,23846,6345,118
,45,0.1,4.24,19436,12288,142
,55,0.128,10.02,14997,16105,150
,66,0.153,12.27,14879,12031,221
,32,0.786,1.9,11064,5768,78
,22,0.062,7.44,18996,8411,75
,35,0.07100000000000001,6.81,23817,6524,121
,45,0.099,3.81,19275,12637,138
,58,0.13,9.76,14942,16314,149
,68,0.141,12.2,14848,12232,221
,28,0.772,2.31,10991,6164,78
,21,0.059,7.59,19016,8250,74
,36,0.079,6.62,23840,6556,122
,44,0.099,3.73,19356,12250,140
,54,0.129,9.54,15011,16185,152
,65,0.144,12.48,14793,12149,220
,29,0.772,1.71,10945,6228,80
,23,0.064,7.74,19031,8205,74
,33,0.08,6.07,23757,6651,121
,43,0.09000000000000001,3.83,19317,12296,141
,55,0.12,10.27,15017,16193,151
,68,0.16,12.05,14786,12221,222
,30,0.786,1.98,10904,6040,81
,25,0.062,6.98,18980,8408,75
,32,0.08600000000000001,6.31,23837,6674,120
,47,0.09000000000000001,3.89,19310,12405,142
,56,0.134,10.03,15013,16410,150
,65,0.159,12.45,14826,12013,218
,28,0.784,2.29,10959,5989,79
,24,0.064,7.52,18954,8117,74
,33,0.07200000000000001,6.81,23874,6338,120
,47,0.10700000000000001,4.28,19258,12319,140
,57,0.135,10.4,15029,16151,150
,65,0.141,12.01,14843,11976,219
,30,0.772,1.82,11034,6072,80
,22,0.066,6.81,18959,8159,77
,34,0.07200000000000001,6.65,23900,6345,122
,46,0.096,3.93,19246,12694,142
,58,0.134,10.41,15050,16268,148
,65,0.142,12.35,14742,11939,218
,31,0.773,1.95,10911,6207,80
,21,0.069,7.73,18953,8413,73
,33,0.08600000000000001,6.82,23759,6478,122
,44,0.09000000000000001,4.38,19261,12595,142
,56,0.122,9.79,15096,16101,152
,65,0.146,11.71,14840,11796,221
,32,0.78,1.58,11088,6026,81
,23,0.06,7.25,18915,8312,75
,33,0.08,6.52,23839,6334,122
,46,0.101,4.4,19281,12344,141
,58,0.11599999999999999,9.92,15086,16125,150
,67,0.16,11.73,14793,12078,219
,32,0.773,2.09,10939,5753,81
,21,0.059,7.45,18899,8441,75
,33,0.08700000000000001,6.15,23782,6656,122
,45,0.094,4.37,19265,12425,141
,55,0.12,10.14,14957,16184,149
,65,0.141,11.7,14885,12181,222
,28,0.783,2.0,11040,6233,79
,23,0.055999999999999994,7.67,19044,8405,76
,36,0.083,6.64,23789,6459,120
,43,0.10800000000000001,4.12,19290,12737,142
,55,0.132,10.29,15073,16173,148
,69,0.154,12.19,14912,12182,222
,31,0.772,1.56,10939,6194,78
,24,0.052,7.13,18979,8163,77
,34,0.075,6.58,23928,6268,119
,43,0.099,4.0,19389,12578,139
,56,0.133,10.48,14989,16265,149
,65,0.145,11.96,14909,11911,218
,29,0.772,2.18,11087,6146,81
,24,0.067,7.22,18897,8470,77
,32,0.076,6.98,23824,6325,119
,47,0.092,3.5,19361,12293,140
,55,0.123,10.04,15048,16496,152
,68,0.156,12.44,14745,12011,220
,30,0.779,1.5899999999999999,11055,5984,79
,22,0.065,7.52,19045,8307,76
,35,0.088,6.07,23750,6699,121
,47,0.10800000000000001,4.23,19345,12715,140
,55,0.121,9.67,14989,16473,150
,69,0.142,11.9,14886,12177,219
,31,0.772,1.91,10974,6030,82
,24,0.053,7.61,19050,8227,73
,36,0.089,7.0,23893,6548,118
,45,0.11,4.35,19398,12458,142
,57,0.135,10.17,15118,16250,150
,65,0.157,12.44,14848,12161,222
,28,0.77,2.36,10922,6137,79
,25,0.062,6.82,18979,8077,74
,35,0.078,6.86,23745,6747,122
,45,0.10800000000000001,4.42,19410,12518,141
,55,0.118,10.04,14954,16385,151
,69,0.143,12.47,14880,11911,219
,32,0.782,1.7,11056,5824,78
,22,0.052,7.59,18918,8482,77
,32,0.09,6.7,23817,6677,118
,45,0.10900000000000001,4.19,19297,12686,138
,55,0.122,10.33,15017,16407,151
,69,0.151,11.7,14889,12208,219
,28,0.785,1.7,10963,5996,82
,23,0.049999999999999996,7.36,18934,8201,73
,33,0.08700000000000001,6.75,23831,6508,120
,44,0.11,4.22,19259,12437,139
,58,0.118,9.81,15000,16086,150
,69,0.13999999999999999,11.86,14880,12068,218
,30,0.776,1.53,11100,6196,79
,24,0.064,7.0,18958,8196,76
,36,0.073,6.91,23837,6398,119
,44,0.10200000000000001,4.39,19317,12444,142
,54,0.126,10.31,14935,16333,152
,65,0.158,12.1,14780,12122,219
,31,0.772,1.55,10902,6203,78
,24,0.056999999999999995,6.78,18967,8256,76
,34,0.07100000000000001,6.71,23931,6572,120
,46,0.10400000000000001,4.48,19390,12527,139
,54,0.124,9.5,14964,16208,151
,67,0.148,12.45,14778,12238,219
,32,0.78,1.6,10978,6066,81
,24,0.053,7.15,18999,8081,73
,34,0.09,6.54,23856,6335,118
,47,0.096,4.16,19268,12654,142
,54,0.127,10.28,15042,16318,152
,68,0.156,12.49,14851,12155,220
,28,0.774,2.18,11059,5817,80
,23,0.051,7.67,18988,8121,73
,36,0.077,6.51,23745,6452,122
,43,0.10800000000000001,4.48,19438,12493,138
,57,0.118,10.14,15073,16370,151
,66,0.13999999999999999,11.66,14777,12039,221
,31,0.773,2.43,10900,6184,80
,25,0.068,7.72,19042,8483,76
,35,0.08700000000000001,6.31,23854,6453,120
,44,0.10200000000000001,3.52,19357,12577,142
,54,0.123,10.32,15005,16201,150
,66,0.15,11.91,14860,11886,219
,29,0.789,2.31,11036,6235,78
,24,0.054,7.65,19042,8376,74
,35,0.077,6.02,23765,6537,120
,46,0.098,3.97,19420,12253,138
,55,0.123,10.14,15039,16489,151
,69,0.146,12.1,14914,12171,222
,30,0.789,2.0,11058,5781,80
,24,0.051,7.49,18870,8087,77
,32,0.083,6.22,23820,6432,119
,43,0.096,3.67,19429,12533,142
,58,0.131,9.64,14958,16443,150
,67,0.152,12.37,14813,12207,220
,29,0.783,2.45,11006,6182,80
,23,0.056999999999999995,7.04,18941,8217,73
,35,0.077,6.62,23777,6393,118
,45,0.10900000000000001,4.14,19353,12481,141
,55,0.134,9.98,15098,16367,148
,68,0.142,11.89,14829,11982,220
,31,0.785,1.75,10963,6063,82
,25,0.065,7.67,18874,8494,75
,35,0.08,6.6,23835,6264,118
,44,0.11,4.02,19398,12584,142
,57,0.119,10.05,15084,16510,149
,68,0.142,12.07,14788,11869,222
,31,0.775,1.92,11086,5960,80
,25,0.053,7.26,18973,8452,77
,34,0.085,6.79,23788,6626,121
,46,0.10400000000000001,4.14,19337,12525,141
,57,0.122,9.83,15022,16525,152
,69,0.15,11.55,14783,12192,221
,31,0.781,2.12,10971,6148,79
,25,0.051,6.85,18913,8485,74
,36,0.08700000000000001,6.71,23913,6473,120
,46,0.097,4.46,19284,12720,139
,56,0.131,10.37,15042,16530,150
,65,0.13999999999999999,11.73,14830,12223,218
,31,0.781,2.12,11009,5760,80
,24,0.053,7.44,18923,8490,73
,36,0.09,6.88,23734,6318,122
,45,0.10600000000000001,3.87,19272,12262,140
,55,0.134,9.62,15080,16064,148
,67,0.145,12.5,14727,11884,219
,29,0.79,2.29,10924,6007,81
,24,0.06999999999999999,7.6,18871,8057,77
,35,0.088,6.23,23855,6503,121
,44,0.10600000000000001,4.19,19269,12410,139
,58,0.135,9.76,14974,16297,149
,65,0.155,11.85,14766,11984,218
,28,0.785,1.94,11066,6205,79
,24,0.06,7.27,19014,8193,75
,33,0.07100000000000001,6.87,23842,6688,122
,43,0.10600000000000001,4.37,19271,12251,138
,54,0.122,10.28,15087,16184,151
,68,0.143,11.77,14913,12145,221
,30,0.783,1.97,11050,6023,78
,22,0.068,7.39,18858,8209,76
,36,0.07100000000000001,6.79,23856,6689,120
,47,0.099,3.58,19322,12556,141
,55,0.12,9.66,15077,16184,149
,69,0.16,11.82,14740,12205,218
,31,0.77,2.45,11097,6122,80
,24,0.057999999999999996,7.22,19042,8443,76
,36,0.083,6.16,23797,6523,121
,45,0.097,4.45,19314,12692,140
,56,0.119,10.04,15057,16395,148
,67,0.16,11.72,14923,11906,222
,29,0.782,2.5,10948,6177,82
,22,0.055999999999999994,7.49,19035,8336,74
,33,0.079,6.26,23805,6739,122
,45,0.095,3.5,19413,12670,138
,54,0.13,9.75,14990,16346,152
,65,0.13999999999999999,12.49,14776,11804,219
,31,0.789,1.77,11069,6071,80
,21,0.054,7.73,19037,8066,77
,32,0.084,6.07,23925,6539,118
,45,0.10300000000000001,4.01,19309,12277,141
,58,0.133,10.21,15105,16504,148
,66,0.148,11.7,14843,12146,218
,29,0.77,2.17,11069,5895,78
,23,0.059,6.88,19032,8157,75
,34,0.08700000000000001,6.66,23874,6355,119
,44,0.091,3.71,19340,12629,138
,58,0.115,9.83,15034,16223,148
,67,0.151,12.1,14903,12020,218
,32,0.788,2.43,10930,6014,80
,23,0.06,7.62,18999,8099,77
,33,0.089,6.43,23928,6368,121
,45,0.11,4.02,19277,12475,142
,57,0.121,9.54,14972,16459,152
,68,0.142,12.32,14808,12021,220
,32,0.78,2.07,11045,6174,82
,22,0.054,7.53,18987,8490,77
,35,0.085,6.99,23933,6521,120
,45,0.093,3.66,19315,12512,141
,57,0.135,9.72,14983,16532,149
,67,0.151,11.99,14884,12038,222
,32,0.777,2.17,11030,6145,79
,22,0.054,7.63,18872,8453,77
,35,0.075,6.15,23760,6487,121
,47,0.10600000000000001,4.47,19269,12499,140
,58,0.11599999999999999,9.56,14995,16463,149
,66,0.152,12.13,14766,11983,222
,30,0.788,2.12,10972,6082,82
,22,0.06999999999999999,7.57,19021,8222,74
,35,0.07,6.9,23905,6641,119
,47,0.10200000000000001,4.33,19313,12444,138
,56,0.115,10.47,15132,16167,148
,66,0.147,12.34,14781,12213,219
,28,0.776,1.95,11008,6054,80
,25,0.061,7.11,18990,8144,77
,34,0.088,6.68,23783,6628,120
,45,0.091,4.17,19368,12665,140
,55,0.131,10.11,15006,16508,152
,65,0.155,11.56,14793,11936,220
,29,0.786,2.11,11044,6133,82
,22,0.055,7.29,18944,8133,75
,33,0.08600000000000001,6.24,23835,6629,118
,47,0.10500000000000001,4.13,19357,12255,140
,57,0.13,9.6,15128,16458,148
,67,0.154,12.36,14760,12180,221
,29,0.788,2.38,11094,6161,82
,21,0.063,7.1,18949,8378,73
,32,0.085,6.82,23921,6310,122
,45,0.09000000000000001,3.99,19325,12517,138
,54,0.11699999999999999,10.33,15040,16421,148
,67,0.151,12.11,14809,12069,218
,28,0.777,1.88,10977,5793,78
,23,0.054,6.84,18917,8397,76
,32,0.09,6.99,23818,6701,119
,45,0.09000000000000001,3.59,19361,12616,141
,56,0.128,9.99,14977,16497,149
,65,0.159,11.57,14746,12019,221
,29,0.777,2.47,11046,5928,80
,25,0.063,7.31,18876,8256,77
,33,0.085,6.04,23787,6323,122
,43,0.091,3.8,19380,12350,138
,56,0.122,10.3,14997,16109,151
,69,0.156,11.94,14818,11848,222
,29,0.786,2.13,10971,5860,82
,24,0.063,7.19,19034,8321,75
,33,0.079,6.83,23926,6365,122
,45,0.101,3.73,19409,12372,138
,57,0.134,9.75,15054,16462,152
,69,0.158,11.58,14729,12066,222
,31,0.77,1.96,10997,5783,81
,22,0.069,7.52,18910,8508,76
,36,0.076,6.5,23876,6517,119
,44,0.101,4.22,19417,12424,138
,55,0.132,10.19,15068,16441,148
,65,0.142,12.5,14769,12193,222
,32,0.777,1.78,10914,5959,79
,25,0.055999999999999994,6.85,19039,8253,75
,33,0.08,6.59,23876,6260,120
,46,0.10700000000000001,4.11,19308,12668,139
,55,0.133,9.67,15129,16532,152
,67,0.156,12.11,14772,11824,220
,31,0.77,1.67,11082,6238,79
,25,0.052,7.13,19052,8531,75
,33,0.08,6.11,23890,6331,122
,44,0.1,4.12,19272,12737,141
,57,0.133,10.04,15084,16507,149
,67,0.148,11.54,14859,11993,219
,32,0.787,1.99,11090,6232,79
,25,0.064,6.77,18868,8345,74
,34,0.084,6.57,23878,6698,122
,43,0.099,4.42,19404,12351,140
,55,0.11699999999999999,10.31,15061,16405,150
,68,0.159,11.77,14867,12130,218
,31,0.779,2.36,11095,5925,82
,25,0.054,7.44,18883,8462,76
,34,0.08700000000000001,6.01,23734,6263,122
,44,0.099,4.05,19282,12262,139
,58,0.134,9.84,15100,16133,152
,66,0.142,12.21,14852,11822,218
,28,0.79,2.16,10982,6141,78
,24,0.064,7.2,18923,8180,75
,32,0.082,6.37,23912,6696,119
,47,0.10700000000000001,4.44,19258,12275,140
,57,0.119,9.98,15116,16355,149
,67,0.148,11.93,14881,11795,219
,30,0.777,2.4,11063,5824,80
,25,0.063,7.05,18881,8390,75
,32,0.08700000000000001,6.42,23816,6582,120
,44,0.10800000000000001,3.97,19292,12312,141
,54,0.122,10.08,15083,16074,152
,68,0.13999999999999999,11.64,14800,11889,221
,32,0.782,2.31,10930,6098,78
,21,0.052,6.76,18903,8457,76
,34,0.076,6.07,23758,6271,120
,47,0.099,4.27,19380,12402,139
,54,0.118,9.63,14989,16517,148
,66,0.152,11.92,14872,12142,218
,28,0.781,2.5,10954,5887,80
,22,0.057999999999999996,7.41,18954,8322,74
,33,0.084,6.28,23900,6548,118
,43,0.10200000000000001,4.46,19394,12736,141
,58,0.133,10.4,15031,16181,152
,67,0.146,12.28,14828,12142,218
,32,0.782,1.54,10934,6041,78
,21,0.067,7.2,18914,8073,77
,32,0.08600000000000001,6.83,23907,6380,120
,43,0.093,4.38,19331,12649,141
,58,0.121,9.62,14986,16083,148
,69,0.155,12.02,14852,11885,222
,28,0.78,2.48,10944,6043,78
,21,0.06999999999999999,7.0,19040,8129,76
,33,0.083,6.21,23912,6548,122
,47,0.10300000000000001,4.42,19340,12572,141
,56,0.12,9.86,15035,16220,149
,68,0.16,12.31,14791,11750,218
,31,0.785,2.26,10953,6247,79
,22,0.056999999999999995,7.57,18884,8100,77
,35,0.077,6.62,23802,6399,122
,46,0.091,3.61,19340,12716,139
,54,0.121,9.73,15131,16361,150
,67,0.149,12.32,14903,11932,221
,32,0.781,1.65,10998,6241,80
,23,0.068,7.21,18975,8127,75
,35,0.088,6.48,23821,6408,122
,45,0.10500000000000001,3.81,19246,12488,141
,57,0.124,9.89,15093,16076,150
,68,0.142,11.53,14909,12191,218
,32,0.783,1.94,10906,6010,81
,24,0.062,7.27,18868,8210,76
,33,0.074,6.79,23780,6391,119
,46,0.10700000000000001,4.03,19252,12492,139
,57,0.119,9.6,14987,16496,150
,67,0.147,12.31,14840,11830,220
,28,0.789,1.55,10912,6058,79
,24,0.049999999999999996,7.08,19003,8188,74
,33,0.085,6.03,23855,6488,119
,43,0.099,4.45,19440,12540,139
,55,0.11599999999999999,10.1,15055,16180,150
,66,0.142,12.3,14848,12163,218
,30,0.79,1.78,10956,6216,78
,22,0.054,7.44,19006,8089,76
,34,0.073,6.03,23776,6454,121
,45,0.10200000000000001,4.47,19439,12679,140
,55,0.115,10.44,15058,16244,152
,65,0.155,11.78,14753,11923,220
,32,0.772,1.78,10955,5803,79
,24,0.061,7.48,18925,8513,76
,35,0.083,6.13,23780,6634,118
,45,0.10200000000000001,3.98,19264,12278,142
,55,0.115,10.3,14988,16416,150
,69,0.144,11.97,14772,11987,222
,30,0.781,1.88,11048,5764,81
,24,0.065,7.72,18904,8449,76
,32,0.07200000000000001,6.75,23922,6635,119
,45,0.10300000000000001,4.36,19413,12528,138
,54,0.11699999999999999,9.71,14997,16550,149
,69,0.16,11.82,14837,12231,222
,31,0.784,2.33,10947,5932,80
,25,0.064,6.79,18891,8067,76
,32,0.076,6.65,23909,6270,118
,43,0.091,4.34,19370,12501,142
,57,0.127,9.79,15064,16186,150
,67,0.145,11.73,14876,11925,218
,28,0.782,2.03,11079,6231,81
,25,0.052,7.68,19045,8331,75
,33,0.07100000000000001,6.34,23771,6637,122
,47,0.10700000000000001,4.33,19445,12456,138
,58,0.126,10.47,15105,16346,152
,66,0.159,11.77,14847,11781,218
,28,0.78,1.6099999999999999,11097,5936,79
,25,0.056999999999999995,6.86,18899,8413,76
,32,0.081,6.85,23920,6597,122
,43,0.094,4.02,19433,12487,141
,54,0.128,10.05,15068,16427,152
,67,0.158,11.71,14760,11865,218
,28,0.771,1.85,11002,5861,82
,25,0.062,7.68,18967,8210,75
,33,0.089,6.35,23801,6733,118
,46,0.10500000000000001,3.88,19390,12443,139
,56,0.122,9.92,15105,16425,148
,69,0.15,11.6,14896,11865,221
,29,0.77,1.54,10901,5882,78
,23,0.065,6.82,19023,8194,77
,35,0.07,6.67,23885,6509,121
,47,0.092,4.49,19417,12327,141
,54,0.127,10.32,15107,16434,152
,68,0.153,11.98,14817,11984,221
,30,0.777,1.6099999999999999,11003,6237,79
,24,0.053,7.08,18960,8314,77
,36,0.088,6.75,23899,6516,121
,43,0.097,3.59,19397,12388,140
,54,0.118,9.77,15101,16169,152
,67,0.156,11.63,14825,12022,220
,31,0.78,2.35,11038,5909,81
,25,0.057999999999999996,7.53,18943,8059,77
,35,0.078,6.07,23855,6583,121
,47,0.099,4.48,19366,12661,140
,56,0.124,10.05,14982,16166,149
,69,0.141,12.35,14814,11885,221
,28,0.771,1.81,11091,6082,80
,22,0.067,6.89,18878,8529,74
,32,0.089,6.62,23752,6529,120
,46,0.10700000000000001,4.35,19331,12302,138
,58,0.134,10.22,14945,16097,149
,67,0.156,12.28,14747,11874,222
,29,0.772,2.2,10999,6244,82
,23,0.065,7.13,18946,8064,73
,32,0.081,6.48,23775,6663,119
,44,0.10800000000000001,4.01,19356,12548,139
,56,0.13,10.43,15121,16069,152
,65,0.143,11.71,14853,11767,222
,28,0.78,1.71,10928,5847,78
,24,0.057999999999999996,7.59,18986,8354,77
,36,0.08,6.44,23763,6623,120
,45,0.095,4.25,19312,12345,138
,55,0.132,9.86,14939,16124,151
,66,0.146,11.7,14739,12016,221
,31,0.77,2.22,11087,5938,80
,22,0.057999999999999996,7.09,18868,8106,73
,34,0.089,6.7,23793,6271,121
,44,0.094,3.68,19400,12311,138
,58,0.122,9.74,15045,16511,151
,65,0.148,11.56,14730,12050,220
,29,0.771,2.11,10975,6085,78
,21,0.052,7.54,18963,8157,76
,33,0.08700000000000001,6.47,23782,6469,118
,46,0.10200000000000001,3.65,19295,12334,140
,54,0.119,10.21,14948,16110,152
,69,0.157,12.25,14726,12202,220
,30,0.781,1.92,11004,6044,79
,22,0.056999999999999995,7.17,19022,8312,73
,36,0.075,6.07,23804,6325,121
,46,0.11,4.45,19297,12511,142
,54,0.121,10.09,14956,16301,149
,67,0.16,12.24,14831,12048,220
,30,0.782,1.8599999999999999,11087,5842,78
,22,0.061,7.29,19007,8122,77
,33,0.077,6.58,23790,6416,121
,44,0.10200000000000001,4.22,19271,12572,142
,55,0.13,9.96,15131,16246,150
,67,0.151,12.25,14770,11975,219
,29,0.785,1.68,11076,6136,82
,23,0.06,7.08,19002,8538,77
,32,0.076,6.06,23915,6341,120
,46,0.091,4.23,19276,12479,141
,57,0.11699999999999999,9.85,15045,16400,149
,67,0.157,11.78,14915,12012,219
,32,0.78,1.98,10902,5945,79
,22,0.063,7.51,19034,8195,75
,36,0.07100000000000001,6.3,23753,6615,120
,46,0.10700000000000001,3.92,19318,12516,139
,54,0.127,10.31,15035,16351,151
,66,0.153,12.06,14785,12186,219
,30,0.773,2.07,11065,5796,82
,22,0.052,7.1,18946,8347,75
,34,0.09,6.7,23767,6410,121
,46,0.11,4.33,19309,12724,139
,58,0.118,9.8,14975,16167,149
,69,0.141,11.76,14869,12127,222
,28,0.789,2.02,11022,5870,82
,24,0.065,7.01,18923,8455,76
,32,0.08,6.62,23925,6293,122
,43,0.098,4.06,19324,12551,140
,57,0.13,10.48,14966,16114,151
,67,0.152,11.88,14808,12027,218
,28,0.786,2.19,10910,5768,79
,25,0.059,7.49,18860,8338,76
,33,0.088,6.04,23919,6671,119
,46,0.10600000000000001,4.14,19377,12277,141
,58,0.11599999999999999,10.01,15081,16301,148
,69,0.152,12.01,14883,12093,221
,32,0.79,2.48,11099,6018,79
,24,0.052,6.81,18915,8259,74
,34,0.082,6.78,23847,6365,118
,47,0.097,3.92,19279,12275,141
,54,0.12,9.86,15132,16060,150
,67,0.144,12.14,14746,11876,218
,32,0.79,2.24,10966,6157,82
,22,0.056999999999999995,7.04,18998,8403,77
,34,0.08600000000000001,6.07,23895,6311,122
,45,0.097,3.69,19362,12515,139
,58,0.127,10.17,15119,16447,151
,66,0.159,11.6,14838,11751,220
,32,0.77,2.13,11005,6139,79
,22,0.069,7.27,18891,8115,77
,32,0.08700000000000001,6.61,23833,6646,120
,43,0.09000000000000001,4.38,19374,12496,138
,57,0.11599999999999999,10.15,14942,16395,149
,69,0.155,12.49,14741,11826,218
,31,0.773,1.74,11013,6098,81
,25,0.059,6.83,18911,8210,75
,35,0.07200000000000001,6.53,23753,6746,121
,45,0.099,3.9,19247,12261,138
,56,0.123,10.03,14958,16389,151
,68,0.144,11.68,14786,12068,222
,28,0.774,1.81,10956,5823,79
,21,0.061,6.82,19026,8216,74
,32,0.07,6.1,23798,6282,120
,46,0.1,3.96,19310,12284,138
,57,0.129,9.9,14944,16298,152
,66,0.16,11.83,14756,11796,220
,28,0.777,2.49,11031,5904,78
,23,0.051,6.96,19049,8398,75
,35,0.081,6.59,23901,6620,118
,46,0.092,4.06,19382,12654,139
,55,0.134,9.63,15030,16159,149
,65,0.142,12.1,14814,12185,222
,29,0.773,2.22,11021,6022,82
,22,0.063,7.68,18963,8282,74
,33,0.07,6.28,23862,6741,122
,47,0.092,4.14,19370,12409,138
,55,0.125,9.76,15034,16455,151
,68,0.146,11.53,14736,11976,218
,28,0.779,1.88,10940,5992,81
,22,0.064,7.73,18953,8390,76
,32,0.076,6.22,23799,6337,120
,43,0.09000000000000001,3.7199999999999998,19401,12355,142
,56,0.128,9.88,15070,16301,151
,65,0.157,11.74,14803,12053,219
,29,0.771,2.03,11051,6005,79
,22,0.062,7.07,18994,8357,76
,36,0.082,6.05,23736,6426,119
,45,0.10400000000000001,4.09,19352,12436,139
,54,0.131,10.33,15019,16331,149
,67,0.141,12.26,14763,11843,220
,29,0.785,2.06,11092,6247,80
,22,0.057999999999999996,7.1,18940,8402,74
,34,0.074,6.93,23870,6430,121
,44,0.094,4.03,19347,12353,141
,58,0.127,9.73,15114,16235,152
,67,0.147,11.88,14730,11823,221
,28,0.783,1.8,11078,6025,79
,22,0.055,7.17,18935,8194,75
,35,0.082,6.38,23896,6316,119
,43,0.094,4.22,19362,12329,138
,58,0.131,10.36,15027,16429,150
,66,0.141,12.42,14802,12066,222
,30,0.774,1.5899999999999999,10915,6138,81
,22,0.056999999999999995,6.82,18982,8286,73
,33,0.075,6.24,23780,6616,121
,46,0.093,4.08,19301,12567,140
,58,0.122,9.94,15078,16523,152
,65,0.156,12.08,14745,11913,218
,29,0.78,1.8599999999999999,11055,5794,82
,21,0.059,7.42,19033,8130,77
,36,0.085,6.78,23797,6478,119
,44,0.10600000000000001,3.82,19380,12743,138
,57,0.124,10.27,15113,16315,151
,67,0.13999999999999999,12.13,14841,11815,218
,31,0.783,1.73,10951,6170,81
,21,0.055999999999999994,7.62,19004,8448,74
,33,0.085,6.89,23894,6700,122
,45,0.11,3.95,19374,12508,141
,54,0.124,9.94,14985,16110,150
,69,0.153,12.23,14762,11762,221
,32,0.771,2.35,11094,6229,78
,23,0.052,7.23,18862,8238,73
,33,0.07200000000000001,6.99,23865,6542,120
,46,0.10500000000000001,3.51,19276,12514,140
,54,0.119,9.5,15065,16310,152
,65,0.142,11.63,14850,12039,221
,29,0.779,2.16,10955,5943,81
,24,0.06,7.07,18885,8503,76
,33,0.084,6.85,23820,6439,119
,43,0.093,4.18,19433,12706,140
,54,0.13,10.06,14941,16343,151
,67,0.142,11.71,14812,11862,222
,31,0.783,1.57,10944,5921,82
,22,0.068,7.41,18864,8488,76
,33,0.08,6.45,23746,6309,122
,46,0.10600000000000001,4.33,19346,12288,138
,55,0.134,10.0,15110,16235,150
,66,0.141,12.15,14821,11754,222
,30,0.781,2.11,11042,6120,78
,22,0.054,7.48,18955,8132,76
,33,0.082,6.71,23885,6489,119
,45,0.10600000000000001,4.0,19371,12296,140
,55,0.128,9.99,15071,16216,149
,66,0.156,11.62,14828,11978,220
,29,0.776,1.67,11019,6081,78
,22,0.065,7.2,18877,8459,77
,36,0.089,6.42,23903,6430,118
,44,0.11,4.22,19402,12367,142
,54,0.119,10.3,15023,16375,152
,66,0.151,12.05,14891,11826,218
,31,0.77,2.44,10947,5994,80
,21,0.067,7.45,18926,8267,74
,34,0.07100000000000001,6.3,23908,6496,120
,45,0.10800000000000001,4.38,19328,12564,138
,58,0.127,9.87,15088,16244,152
,67,0.15,12.38,14847,11822,222
,29,0.781,1.57,11009,5990,81
,21,0.066,7.26,18947,8472,77
,34,0.075,7.0,23838,6274,118
,45,0.10500000000000001,4.2,19310,12736,142
,58,0.122,9.59,14960,16072,148
,67,0.147,11.9,14740,11772,222
,31,0.786,2.25,11098,6122,81
,24,0.051,7.68,18909,8379,75
,35,0.077,6.84,23859,6598,122
,46,0.10800000000000001,4.37,19392,12365,138
,54,0.119,10.2,15132,16451,148
,69,0.148,11.72,14754,12000,222
,31,0.788,1.79,10950,6128,81
,22,0.069,7.15,18908,8506,73
,32,0.08,6.55,23884,6426,118
,45,0.092,4.35,19287,12438,141
,56,0.122,10.09,14959,16160,148
,69,0.153,11.9,14770,12237,219
,32,0.774,1.83,11080,6128,81
,24,0.051,6.75,18947,8295,73
,36,0.082,7.0,23884,6538,119
,44,0.10500000000000001,3.95,19289,12376,141
,57,0.118,9.89,15016,16239,148
,66,0.149,11.79,14857,11750,222
,30,0.774,1.5,11031,5909,82
,25,0.066,7.12,19018,8429,76
,35,0.09,6.47,23828,6682,119
,46,0.10200000000000001,3.53,19439,12702,141
,56,0.127,9.74,15081,16161,151
,66,0.154,11.55,14744,12003,221
,28,0.778,2.45,11042,5859,80
,25,0.06999999999999999,6.93,18932,8331,74
,35,0.07200000000000001,6.91,23833,6642,122
,43,0.1,3.69,19354,12391,142
,57,0.133,9.5,14985,16246,151
,65,0.151,11.61,14762,11903,219
,28,0.784,2.11,11075,6106,79
,21,0.053,7.07,18974,8094,77
,36,0.07100000000000001,6.31,23933,6485,121
,45,0.10300000000000001,3.89,19253,12367,140
,58,0.123,10.21,15025,16192,151
,67,0.143,12.27,14906,11754,219
,29,0.789,2.33,10928,6070,82
,24,0.065,7.56,18904,8452,74
,33,0.08600000000000001,6.85,23844,6564,122
,44,0.092,3.56,19280,12287,142
,54,0.123,10.32,15121,16154,151
,69,0.143,12.38,14810,11808,222
,29,0.785,1.83,11042,5762,79
,22,0.063,7.23,18948,8442,73
,34,0.085,6.99,23786,6660,121
,47,0.092,3.51,19348,12492,141
,56,0.123,9.55,15025,16473,151
,68,0.141,12.05,14915,11817,218
,32,0.772,2.03,10983,6199,80
,24,0.06999999999999999,7.09,19039,8153,75
,34,0.081,6.5,23814,6435,120
,46,0.096,3.71,19269,12695,139
,56,0.12,9.91,14966,16230,148
,66,0.16,11.88,14832,12132,222
,32,0.77,2.07,10940,6066,78
,24,0.067,7.67,18930,8409,76
,33,0.078,6.96,23758,6267,118
,46,0.11,3.86,19249,12424,139
,54,0.12,10.37,15080,16475,151
,65,0.144,11.79,14911,11766,218
,29,0.777,1.56,11016,5921,78
,25,0.065,7.19,18943,8190,73
,36,0.084,6.94,23770,6729,119
,45,0.094,3.6,19414,12700,140
,54,0.124,10.16,14940,16393,150
,69,0.141,11.75,14748,12188,222
,32,0.778,2.37,11021,6177,81
,22,0.06,7.0,18928,8286,74
,36,0.078,6.67,23828,6400,120
,44,0.10400000000000001,4.0,19334,12661,142
,54,0.131,10.19,15032,16350,148
,67,0.142,11.86,14887,12143,221
,30,0.771,1.83,10911,5828,79
,25,0.06,7.18,19040,8109,75
,36,0.081,6.63,23824,6473,122
,45,0.093,4.22,19291,12663,138
,57,0.123,10.48,15005,16304,148
,68,0.153,12.37,14763,11976,218
,30,0.79,2.2800000000000002,10904,5764,79
,24,0.054,7.12,19007,8300,77
,33,0.081,6.67,23797,6371,122
,47,0.098,4.28,19437,12594,142
,55,0.11599999999999999,10.2,14979,16139,149
,66,0.158,12.08,14893,11939,219
,31,0.783,2.08,11019,5889,82
,21,0.051,7.2,18880,8315,74
,32,0.077,6.04,23901,6597,122
,45,0.091,3.74,19316,12634,139
,58,0.127,10.04,14934,16217,148
,66,0.15,11.91,14905,12208,222
,29,0.786,2.23,10926,6220,82
,21,0.049999999999999996,7.17,18947,8141,75
,34,0.07100000000000001,6.22,23912,6457,118
,47,0.10700000000000001,3.93,19421,12667,139
,58,0.118,9.74,15051,16545,152
,68,0.154,12.15,14764,11941,220
,30,0.786,1.87,10963,6007,81
,25,0.062,7.21,18862,8287,76
,36,0.079,6.08,23810,6721,118
,47,0.092,3.9,19272,12556,142
,58,0.123,9.75,15107,16433,151
,69,0.155,11.87,14828,11948,220
,28,0.772,1.84,10921,5776,79
,21,0.06999999999999999,7.6,18967,8125,77
,33,0.084,6.07,23856,6481,122
,43,0.10200000000000001,3.94,19339,12346,140
,58,0.123,10.09,14972,16480,150
,67,0.143,11.68,14750,12049,220
,28,0.773,2.14,10994,5934,78
,23,0.064,6.84,18866,8191,76
,34,0.07,6.47,23896,6273,120
,46,0.097,3.87,19256,12724,141
,54,0.131,10.4,14984,16115,149
,67,0.158,11.66,14772,12233,221
,28,0.785,2.19,11082,6116,80
,21,0.069,7.22,18876,8155,77
,33,0.09,6.25,23779,6741,122
,46,0.1,3.61,19348,12356,139
,58,0.127,10.26,15103,16405,151
,65,0.145,12.5,14723,12159,219
,29,0.774,2.5,11086,5949,82
,25,0.064,7.2,18961,8123,73
,32,0.078,6.03,23891,6693,122
,47,0.10300000000000001,3.6,19295,12457,139
,56,0.122,9.84,15006,16538,150
,67,0.146,12.48,14761,12070,221
,29,0.785,1.87,11062,5818,80
,25,0.052,7.39,18940,8546,74
,33,0.074,6.76,23864,6714,120
,47,0.09000000000000001,3.81,19291,12477,141
,55,0.126,10.05,15103,16366,148
,68,0.149,12.38,14901,12044,220
,30,0.777,1.67,11100,5757,79
,23,0.059,7.26,18866,8093,74
,35,0.074,6.2,23845,6274,122
,47,0.096,3.88,19317,12334,140
,56,0.131,9.56,14958,16074,149
,69,0.156,11.61,14824,12083,222
,30,0.782,1.74,11020,5996,81
,21,0.068,7.54,18949,8507,73
,33,0.09,6.71,23889,6577,119
,44,0.10500000000000001,3.53,19408,12560,139
,58,0.128,10.12,15041,16196,152
,67,0.13999999999999999,12.0,14746,12029,222
,29,0.789,2.01,10944,6176,82
,24,0.061,7.56,18935,8142,74
,35,0.083,6.09,23916,6628,119
,45,0.10600000000000001,4.37,19370,12331,138
,57,0.133,10.24,15078,16150,152
,68,0.159,11.63,14909,12154,218
,31,0.776,1.95,10977,5935,81
,23,0.068,7.6,18919,8381,73
,32,0.07100000000000001,6.37,23902,6315,122
,43,0.10700000000000001,4.19,19438,12487,141
,54,0.123,10.17,14961,16407,148
,66,0.149,11.94,14777,11924,222
,31,0.771,1.65,11043,5854,81
,22,0.069,7.75,19013,8418,77
,32,0.07100000000000001,6.73,23735,6677,119
,46,0.10400000000000001,3.81,19363,12369,140
,58,0.122,10.12,15016,16195,152
,67,0.144,11.51,14729,12221,219
,29,0.781,1.54,11028,5846,80
,22,0.066,7.49,18868,8405,73
,36,0.078,6.82,23850,6605,119
,43,0.10600000000000001,4.32,19304,12620,138
,58,0.131,9.66,14959,16178,151
,66,0.158,12.13,14847,11991,219
,32,0.776,2.3,10997,5974,78
,24,0.051,7.13,18877,8190,74
,35,0.08600000000000001,6.58,23889,6341,118
,43,0.10600000000000001,4.19,19264,12605,141
,55,0.134,9.5,15079,16287,149
,65,0.141,11.78,14910,12035,218
,32,0.773,2.3,10917,6125,81
,23,0.063,6.82,19051,8449,75
,36,0.081,6.82,23775,6368,122
,47,0.091,3.83,19338,12430,139
,58,0.127,10.0,15100,16198,150
,65,0.156,12.28,14855,12010,220
,31,0.781,1.76,11022,6203,78
,22,0.049999999999999996,7.69,18927,8376,76
,33,0.09,6.78,23767,6663,120
,44,0.091,3.7199999999999998,19439,12549,142
,55,0.119,9.65,14998,16253,152
,68,0.154,11.83,14823,12141,222
,32,0.779,1.68,11092,6006,79
,23,0.064,7.32,18992,8247,75
,32,0.077,6.0,23753,6505,118
,45,0.099,4.4,19261,12594,142
,56,0.118,10.16,14962,16253,148
,67,0.158,12.31,14779,12129,219
,30,0.788,2.02,10983,6146,80
,25,0.068,7.6,18897,8167,77
,34,0.09,6.21,23820,6673,120
,46,0.096,3.6,19268,12489,139
,58,0.125,10.08,15122,16529,151
,67,0.144,11.88,14862,11930,220
,30,0.77,2.36,10932,6006,81
,25,0.055999999999999994,7.65,18978,8053,76
,36,0.07200000000000001,6.56,23756,6621,122
,44,0.10600000000000001,3.7,19275,12706,142
,57,0.122,9.82,15040,16209,150
,66,0.146,11.9,14780,12207,222
,30,0.77,2.23,11059,6012,78
,24,0.069,7.29,18865,8252,75
,34,0.081,6.71,23835,6406,121
,47,0.096,3.59,19295,12406,141
,56,0.131,9.55,15084,16204,149
,66,0.16,12.23,14888,11813,219
,32,0.783,1.5899999999999999,10929,6192,79
,24,0.056999999999999995,7.43,19049,8229,75
,33,0.07200000000000001,6.04,23803,6697,118
,43,0.096,4.42,19377,12294,139
,54,0.128,10.33,14964,16314,151
,69,0.145,12.37,14896,11786,221
,30,0.779,2.14,11044,5903,82
,25,0.049999999999999996,7.53,18874,8395,76
,34,0.082,6.22,23931,6511,119
,47,0.10400000000000001,4.5,19315,12442,142
,58,0.134,10.05,15109,16382,152
,65,0.143,11.73,14785,11780,220
,30,0.785,2.14,11059,5932,78
,22,0.059,7.74,18905,8332,73
,35,0.082,6.38,23842,6263,120
,44,0.097,3.76,19326,12583,140
,54,0.133,9.74,15102,16303,149
,69,0.13999999999999999,11.78,14810,11939,219
,29,0.782,2.49,11096,5888,80
,22,0.055999999999999994,7.47,18973,8057,75
,35,0.084,6.6,23899,6296,121
,46,0.10700000000000001,3.7199999999999998,19255,12509,141
,56,0.135,10.36,15124,16267,149
,65,0.154,12.08,14876,12078,222
,31,0.775,2.32,10968,6015,81
,21,0.059,7.63,19020,8358,73
,35,0.07,6.53,23851,6743,120
,43,0.091,4.41,19377,12540,139
,58,0.131,9.58,15102,16298,152
,69,0.13999999999999999,12.49,14780,12121,218
,31,0.773,2.34,11091,6118,81
,23,0.051,7.2,19052,8489,77
,33,0.07200000000000001,6.27,23830,6579,121
,45,0.091,3.56,19251,12657,138
,54,0.122,10.37,14933,16510,150
,69,0.158,12.35,14725,11948,218
,30,0.787,2.45,11088,5905,80
,22,0.061,6.89,18926,8413,77
,36,0.083,6.44,23807,6481,122
,45,0.09000000000000001,4.28,19282,12351,141
,55,0.121,10.37,14943,16541,150
,65,0.152,12.26,14741,12130,219
,29,0.77,2.04,10927,6238,79
,24,0.052,7.31,18911,8474,75
,35,0.085,6.09,23813,6665,120
,44,0.091,4.14,19280,12358,139
,54,0.119,9.95,15095,16549,152
,67,0.151,11.78,14848,11981,222
,29,0.785,1.89,10979,6208,78
,25,0.055999999999999994,6.96,18894,8548,76
,33,0.085,6.09,23763,6344,118
,46,0.10600000000000001,3.86,19343,12518,139
,56,0.12,10.1,14985,16411,148
,69,0.156,12.26,14788,11890,220
,32,0.774,1.63,11052,6103,79
,25,0.055,6.81,19053,8326,73
,36,0.074,6.08,23887,6662,122
,47,0.096,3.88,19380,12254,138
,57,0.124,9.89,15037,16206,151
,65,0.159,12.41,14747,12068,219
,31,0.777,1.69,11056,6036,78
,25,0.054,7.46,18996,8381,74
,34,0.085,6.74,23830,6630,120
,46,0.10800000000000001,3.63,19280,12424,141
,58,0.11599999999999999,9.99,15054,16236,151
,65,0.152,12.1,14859,12158,219
,32,0.771,2.22,10938,6236,79
,22,0.064,7.56,18990,8370,76
,34,0.077,6.82,23896,6266,121
,46,0.09000000000000001,3.74,19320,12592,138
,55,0.115,9.54,15038,16375,151
,68,0.152,12.35,14902,11844,219
,32,0.789,1.8,10989,6126,82
,21,0.051,7.04,18992,8452,77
,32,0.077,6.35,23879,6740,119
,45,0.094,3.91,19287,12405,141
,56,0.11599999999999999,10.35,15069,16112,150
,69,0.148,11.58,14812,12002,219
,29,0.789,1.78,11031,6073,81
,24,0.052,7.43,18854,8343,75
,34,0.078,6.39,23923,6417,120
,46,0.093,3.75,19311,12545,142
,56,0.127,9.88,15037,16192,151
,68,0.147,12.49,14723,12165,218
,32,0.777,1.56,10925,6084,81
,21,0.064,7.49,18863,8214,74
,35,0.081,6.52,23828,6563,121
,47,0.09000000000000001,4.17,19377,12557,138
,56,0.127,10.41,14946,16493,152
,67,0.13999999999999999,11.52,14923,11834,220
,31,0.783,2.02,10962,6082,81
,25,0.068,7.46,18948,8307,77
,35,0.082,6.12,23739,6461,121
,45,0.1,3.64,19359,12633,140
,54,0.126,10.01,14934,16328,151
,67,0.148,12.49,14829,11827,220
,28,0.781,2.37,10972,5875,81
,25,0.054,6.85,18913,8453,76
,33,0.08,6.64,23784,6264,119
,47,0.099,3.67,19444,12694,140
,56,0.11699999999999999,10.25,14949,16098,151
,65,0.142,11.95,14744,12144,220
,29,0.787,1.75,11016,5855,79
,22,0.069,6.9,18935,8132,73
,33,0.075,6.48,23795,6280,120
,46,0.11,3.97,19354,12733,142
,58,0.133,10.42,15024,16336,150
,67,0.149,12.02,14806,12174,218
,32,0.773,2.24,10965,6183,82
,24,0.056999999999999995,7.1,18895,8361,74
,33,0.075,6.38,23885,6473,119
,44,0.094,3.58,19431,12599,141
,54,0.131,9.77,15022,16520,148
,66,0.158,11.74,14869,12126,220
,29,0.786,1.6,11090,6222,78
,22,0.06999999999999999,6.79,18865,8401,73
,35,0.076,6.44,23747,6390,121
,46,0.1,4.19,19404,12479,140
,55,0.11699999999999999,10.45,14952,16252,148
,65,0.155,12.42,14922,12166,220
,30,0.772,1.8,11045,5993,79
,23,0.053,7.68,18896,8236,77
,35,0.088,6.08,23898,6428,120
,43,0.101,3.6,19400,12428,138
,54,0.135,9.52,15085,16327,149
,66,0.154,12.25,14922,12087,218
,31,0.784,2.0,10993,6139,81
,21,0.059,6.99,18937,8119,76
,33,0.083,6.07,23863,6356,120
,47,0.10700000000000001,3.99,19325,12677,139
,57,0.135,9.57,15092,16051,148
,65,0.159,11.67,14765,11997,218
,29,0.782,1.52,10982,6093,79
,22,0.055,7.43,18894,8518,73
,32,0.078,6.99,23876,6614,118
,44,0.09000000000000001,4.5,19426,12340,140
,56,0.115,10.39,15074,16481,151
,66,0.145,11.61,14918,11959,219
,28,0.778,2.03,10912,5784,82
,23,0.06,7.54,19024,8373,75
,36,0.074,6.5,23830,6606,120
,43,0.10800000000000001,4.41,19288,12585,138
,54,0.135,10.47,15033,16351,150
,66,0.16,12.0,14861,11818,222
,30,0.785,1.69,11097,5930,82
,22,0.056999999999999995,7.44,18873,8481,74
,35,0.085,6.32,23782,6721,118
,45,0.095,4.15,19287,12347,141
,54,0.125,10.18,14946,16308,149
,65,0.144,12.18,14859,12005,219
,30,0.787,1.74,10985,5930,80
,24,0.06999999999999999,7.39,19043,8117,77
,34,0.079,6.61,23903,6715,120
,45,0.1,3.83,19417,12323,139
,55,0.127,9.63,15102,16371,150
,68,0.152,12.29,14828,11881,220
,31,0.779,1.52,10983,5790,80
,21,0.068,7.08,19021,8383,74
,34,0.07,6.37,23840,6673,122
,46,0.09000000000000001,3.87,19285,12299,140
,56,0.128,10.2,15056,16388,149
,66,0.145,11.9,14881,12158,218
,28,0.781,2.1,11053,6014,80
,23,0.062,7.06,18857,8051,77
,33,0.08,6.81,23734,6292,120
,45,0.10500000000000001,3.91,19355,12644,141
,54,0.121,9.83,15029,16107,151
,68,0.158,12.39,14784,12081,221
,32,0.771,2.12,11005,6142,80
,22,0.067,7.51,19016,8371,73
,35,0.074,6.03,23900,6685,119
,47,0.11,4.5,19436,12536,140
,58,0.129,9.52,15003,16288,149
,69,0.149,12.27,14732,11833,218
,29,0.787,2.08,11062,6021,80
,22,0.065,7.29,18931,8246,77
,36,0.074,6.05,23767,6358,118
,44,0.09000000000000001,3.65,19391,12511,142
,54,0.133,9.58,15094,16343,149
,65,0.144,12.38,14846,12246,221
,32,0.79,2.04,10948,5764,79
,24,0.052,7.64,18857,8065,76
,32,0.074,6.66,23818,6260,118
,47,0.10600000000000001,3.64,19425,12264,140
,58,0.126,10.04,15033,16426,148
,66,0.144,11.5,14882,11766,221
,28,0.789,2.5,11025,6025,78
,22,0.065,6.88,18974,8273,73
,34,0.081,6.95,23822,6451,119
,43,0.10800000000000001,3.87,19327,12543,139
,56,0.115,10.27,14987,16126,148
,65,0.149,12.33,14882,12037,222
,28,0.771,1.79,10921,6071,78
,25,0.051,7.14,18899,8544,73
,33,0.084,6.38,23866,6375,118
,44,0.10900000000000001,3.53,19286,12481,138
,55,0.132,9.63,15001,16056,150
,69,0.158,11.56,14774,12104,218
,30,0.79,2.22,10998,5798,78
,24,0.056999999999999995,6.84,18917,8480,73
,33,0.08600000000000001,6.35,23797,6617,121
,44,0.095,3.71,19268,12495,138
,55,0.13,9.59,15003,16088,152
,68,0.159,12.3,14752,12194,220
,28,0.772,1.75,10914,6242,81
,21,0.06999999999999999,6.96,19044,8520,77
,32,0.078,6.95,23747,6393,119
,45,0.1,4.04,19296,12512,140
,57,0.135,10.1,14996,16141,152
,69,0.152,12.0,14848,11857,221
,30,0.776,2.07,11000,5992,78
,23,0.056999999999999995,6.92,19004,8207,77
,32,0.09,6.81,23880,6516,122
,45,0.1,4.38,19413,12511,141
,58,0.128,9.8,15038,16267,149
,68,0.16,12.35,14747,11948,221
,30,0.77,2.04,10927,5931,81
,22,0.053,7.63,18930,8073,77
,33,0.09,6.25,23795,6604,120
,45,0.093,3.71,19275,12309,142
,56,0.121,9.89,15087,16533,148
,69,0.145,12.38,14765,11987,218
,32,0.782,1.52,11005,5917,82
,24,0.052,7.5,18941,8377,75
,32,0.078,6.89,23831,6376,118
,43,0.10500000000000001,3.61,19298,12743,140
,55,0.129,9.54,14973,16137,148
,65,0.159,12.29,14726,11960,220
,29,0.785,1.9,11069,5910,78
,23,0.06,7.66,18969,8370,77
,35,0.088,6.51,23760,6730,119
,44,0.11,4.48,19267,12509,139
,58,0.128,10.43,14968,16181,152
,68,0.153,12.31,14730,11819,221
,32,0.79,2.27,11063,6205,79
,25,0.061,7.35,18925,8462,77
,35,0.076,6.74,23771,6748,119
,47,0.094,3.5,19252,12387,139
,58,0.12,9.64,15010,16371,149
,68,0.142,12.43,14863,11845,221
,29,0.788,2.17,11014,6102,79
,22,0.061,7.63,19010,8173,74
,34,0.074,6.7,23757,6272,121
,44,0.099,3.61,19379,12337,142
,54,0.12,9.6,15095,16478,148
,66,0.148,12.08,14835,12248,218
,32,0.787,1.98,11053,6086,81
,25,0.064,6.93,18937,8411,74
,32,0.08,6.45,23887,6636,119
,43,0.098,4.28,19300,12490,138
,57,0.127,10.39,14947,16494,150
,65,0.152,11.79,14816,11882,218
,31,0.786,1.98,11032,6159,78
,21,0.049999999999999996,7.48,18992,8288,77
,34,0.077,6.39,23912,6681,118
,47,0.10300000000000001,4.25,19429,12740,141
,58,0.133,9.84,15031,16270,151
,66,0.145,12.04,14742,11858,222
,30,0.785,1.71,11042,6045,78
,25,0.068,7.14,18911,8159,74
,35,0.07,6.62,23928,6729,119
,47,0.10900000000000001,3.93,19284,12459,141
,57,0.11699999999999999,9.86,14968,16422,150
,67,0.147,12.41,14769,12098,219
,31,0.772,2.49,11058,5831,79
,23,0.055999999999999994,7.23,18987,8194,77
,32,0.081,6.52,23789,6374,121
,47,0.094,4.23,19278,12405,138
,54,0.118,9.62,15087,16144,151
,69,0.16,11.57,14923,11846,221
,30,0.787,2.46,10991,6090,79
,25,0.051,7.32,18948,8416,77
,36,0.078,6.1,23769,6692,119
,44,0.10700000000000001,4.29,19323,12686,140
,58,0.127,9.9,14947,16192,148
,66,0.149,12.46,14799,11920,218
,30,0.787,1.6,11079,6000,78
,23,0.055,7.26,18898,8270,75
,32,0.085,6.9,23845,6573,120
,47,0.099,3.5,19441,12667,138
,57,0.135,10.46,15058,16306,152
,67,0.13999999999999999,11.71,14795,12185,222
,29,0.775,1.76,10944,6024,78
,23,0.069,7.65,19009,8450,77
,32,0.07100000000000001,6.72,23859,6568,121
,46,0.10900000000000001,4.13,19377,12316,138
,54,0.123,9.91,15091,16499,149
,65,0.157,12.07,14742,11961,221
,29,0.782,1.95,10939,5903,80
,25,0.051,7.18,18901,8421,77
,34,0.083,6.9,23845,6284,119
,43,0.1,4.31,19338,12705,142
,57,0.125,10.19,14959,16215,150
,68,0.155,12.45,14923,12200,221
,31,0.778,2.21,11015,5783,81
,24,0.054,7.24,19045,8424,76
,32,0.074,6.73,23857,6565,122
,47,0.10500000000000001,4.19,19284,12471,138
,57,0.135,10.36,15127,16090,149
,66,0.157,11.94,14731,11870,221
,29,0.773,1.96,10913,6189,80
,21,0.062,7.59,18942,8443,77
,34,0.08,6.39,23855,6591,118
,44,0.10900000000000001,4.24,19350,12627,141
,54,0.122,9.95,14978,16533,150
,65,0.145,11.99,14814,12069,220
,31,0.79,2.48,10943,5837,82
,25,0.062,7.67,18870,8408,74
,35,0.083,6.83,23848,6556,120
,45,0.10400000000000001,3.79,19306,12470,138
,54,0.119,9.89,14960,16234,151
,66,0.152,11.79,14735,11927,220
,31,0.779,2.33,10935,6183,78
,24,0.061,7.23,19026,8284,73
,32,0.073,6.34,23745,6721,120
,45,0.10400000000000001,3.6,19384,12314,140
,57,0.128,9.85,15063,16247,149
,66,0.147,12.29,14760,12120,222
,31,0.778,2.21,10925,6085,79
,21,0.063,7.7,18915,8466,73
,35,0.07200000000000001,6.43,23880,6349,121
,47,0.10800000000000001,3.71,19285,12389,141
,58,0.118,10.23,15111,16426,152
,65,0.159,12.21,14895,12249,218
,31,0.784,1.66,10971,6245,79
,21,0.052,7.28,18967,8429,75
,34,0.081,6.57,23898,6424,118
,45,0.098,3.55,19341,12579,140
,55,0.129,10.42,14964,16227,149
,66,0.16,11.89,14914,12169,220
,30,0.774,1.99,11006,6159,82
,24,0.06999999999999999,7.37,19052,8394,75
,32,0.085,6.47,23836,6543,122
,47,0.099,4.33,19281,12421,141
,54,0.115,10.04,15075,16441,151
,67,0.16,11.91,14921,12060,221
,29,0.78,2.09,10918,6051,80
,23,0.061,7.02,18901,8171,75
,34,0.079,6.52,23838,6501,121
,44,0.11,4.29,19367,12696,138
,58,0.128,9.97,15039,16248,152
,67,0.147,12.22,14804,12048,218
,30,0.785,2.34,10944,5973,80
,21,0.063,7.7,19036,8398,76
,36,0.084,6.71,23930,6305,121
,47,0.1,3.82,19249,12746,140
,54,0.125,9.99,14986,16204,151
,69,0.16,11.53,14773,11848,219
,29,0.776,2.2800000000000002,10959,5767,79
,25,0.067,7.33,19021,8050,73
,35,0.085,6.14,23858,6740,118
,44,0.096,4.1,19247,12695,138
,55,0.133,10.25,15072,16290,151
,68,0.13999999999999999,11.6,14816,11969,220
,31,0.789,2.13,11027,6221,79
,23,0.057999999999999996,7.2,18881,8231,77
,32,0.09,6.15,23748,6496,120
,46,0.10700000000000001,4.43,19388,12280,142
,55,0.131,10.27,15014,16185,151
,66,0.157,12.28,14860,12114,219
,31,0.772,1.51,10946,5995,82
,21,0.056999999999999995,7.09,19013,8541,74
,34,0.081,6.0,23847,6291,122
,45,0.095,3.93,19318,12680,138
,54,0.124,9.94,15066,16435,151
,66,0.153,11.82,14887,11858,222
,30,0.773,2.05,11004,6141,79
,21,0.049999999999999996,7.66,19022,8159,77
,32,0.07200000000000001,6.26,23764,6441,122
,47,0.094,3.9,19258,12337,142
,57,0.126,10.22,15104,16068,149
,69,0.143,11.68,14907,11778,219
,32,0.789,2.4,10957,6165,80
,24,0.054,7.34,18947,8082,77
,33,0.084,6.67,23858,6569,118
,44,0.10400000000000001,4.06,19306,12383,138
,57,0.132,10.26,15097,16183,150
,65,0.15,12.2,14889,11802,218
,28,0.79,2.08,11070,6004,80
,23,0.067,7.36,19005,8387,74
,35,0.081,6.91,23846,6465,121
,43,0.11,3.59,19324,12370,141
,58,0.124,9.8,14979,16145,149
,65,0.142,12.4,14857,11858,220
,31,0.784,1.79,10942,5810,79
,24,0.051,7.41,18965,8057,76
,34,0.084,6.72,23747,6290,118
,44,0.1,4.37,19385,12696,141
,55,0.132,10.34,14983,16304,150
,65,0.13999999999999999,12.41,14792,12211,220
,28,0.775,2.01,11068,6044,78
,21,0.055,6.86,19016,8434,74
,36,0.088,6.54,23818,6734,120
,46,0.09000000000000001,3.8,19258,12543,138
,58,0.127,10.32,15113,16413,152
,67,0.158,12.06,14747,11951,218
,32,0.783,1.83,10906,5795,82
,25,0.055999999999999994,7.62,18868,8346,75
,33,0.07100000000000001,6.61,23873,6499,118
,45,0.10500000000000001,3.67,19400,12723,141
,54,0.135,9.78,14987,16112,148
,65,0.147,12.23,14908,11952,222
,30,0.788,2.12,10975,6019,79
,24,0.059,6.93,19003,8362,76
,32,0.09,6.64,23788,6650,121
,46,0.094,3.83,19335,12384,139
,55,0.11699999999999999,9.84,15126,16254,151
,65,0.147,11.85,14800,11850,222
,28,0.779,1.84,11012,5899,78
,25,0.064,7.34,19039,8458,73
,32,0.078,6.89,23881,6520,122
,43,0.098,4.42,19248,12581,141
,56,0.134,10.33,15055,16474,148
,65,0.158,12.25,14741,12229,221
,31,0.773,2.26,11090,6081,79
,22,0.049999999999999996,7.2,18941,8318,76
,35,0.075,6.8,23820,6536,121
,47,0.093,4.28,19384,12373,138
,54,0.119,10.43,15069,16447,148
,65,0.141,11.55,14808,11758,219
,32,0.774,2.26,10954,6051,81
,25,0.06,7.37,19034,8142,77
,35,0.088,6.41,23930,6707,120
,45,0.10900000000000001,4.24,19299,12655,140
,57,0.12,10.04,15004,16270,151
,68,0.149,12.38,14789,12200,219
,28,0.783,1.96,10916,5947,78
,24,0.051,7.38,18857,8133,76
,33,0.079,6.18,23882,6648,122
,45,0.094,4.42,19335,12547,142
,57,0.118,10.0,15024,16320,150
,69,0.153,11.92,14881,12209,220
,30,0.781,2.38,11094,6034,82
,25,0.06999999999999999,7.7,19000,8110,75
,36,0.083,6.11,23921,6665,121
,47,0.10300000000000001,4.09,19387,12542,141
,57,0.126,10.23,15065,16313,148
,67,0.149,12.18,14723,12163,221
,28,0.77,2.23,10935,5896,78
,23,0.062,7.41,18948,8248,76
,32,0.07200000000000001,6.69,23929,6454,118
,47,0.101,3.79,19365,12682,139
,55,0.134,10.23,15057,16121,152
,69,0.146,12.47,14841,12009,219
,29,0.783,2.14,11066,5801,78
,21,0.069,6.87,18881,8530,73
,32,0.082,6.63,23926,6474,122
,46,0.10400000000000001,4.11,19288,12333,140
,54,0.126,9.59,15094,16150,148
,69,0.145,11.81,14727,11755,221
,28,0.783,1.92,10917,6044,82
,24,0.066,7.25,18875,8255,73
,34,0.081,6.26,23795,6354,118
,45,0.093,4.37,19308,12500,141
,54,0.135,9.73,14941,16511,148
,66,0.158,12.26,14760,12236,220
,28,0.785,1.6,10917,6091,78
,23,0.062,7.28,18991,8477,77
,32,0.07200000000000001,6.33,23834,6269,120
,47,0.093,3.8,19288,12689,138
,56,0.127,10.32,14936,16103,149
,69,0.151,11.58,14747,11854,222
,32,0.785,2.09,10989,5912,81
,24,0.062,7.05,18862,8421,77
,36,0.076,6.74,23880,6403,122
,43,0.1,4.2,19358,12325,141
,58,0.128,9.74,15109,16301,151
,68,0.154,11.74,14889,11924,221
,31,0.774,1.57,10986,6146,81
,25,0.067,7.13,18899,8289,77
,34,0.074,6.36,23876,6302,119
,43,0.10500000000000001,3.56,19287,12482,139
,57,0.132,10.29,15123,16459,151
,68,0.16,11.64,14778,12175,221
,29,0.787,2.29,11099,5820,78
,23,0.051,6.75,18999,8241,76
,33,0.08,6.11,23865,6574,119
,43,0.10800000000000001,3.63,19267,12354,140
,54,0.123,9.72,15049,16193,149
,69,0.144,11.52,14751,11912,221
,32,0.781,2.41,10935,5924,78
,24,0.059,7.12,18965,8162,74
,33,0.09,6.79,23880,6266,120
,47,0.10600000000000001,4.33,19308,12733,138
,57,0.118,9.85,15056,16493,148
,65,0.147,12.24,14912,12000,220
,28,0.779,2.46,10944,5752,80
,23,0.051,7.11,18865,8124,77
,33,0.08700000000000001,6.8,23865,6605,119
,45,0.10200000000000001,3.57,19433,12292,140
,55,0.127,9.88,15024,16180,151
,69,0.152,11.78,14903,12156,218
,28,0.785,2.19,11023,5899,80
,24,0.066,7.0,18887,8060,77
,35,0.081,6.52,23888,6482,120
,46,0.1,3.6,19356,12309,142
,58,0.118,10.44,15020,16233,151
,67,0.152,12.43,14835,11794,222
,32,0.774,2.14,11057,6125,82
,24,0.055,7.13,19039,8200,75
,32,0.07200000000000001,6.56,23880,6393,120
,43,0.10400000000000001,4.0,19374,12545,140
,54,0.131,10.47,15109,16403,150
,68,0.143,11.97,14804,12141,218
,28,0.784,2.35,10921,5775,81
,22,0.055999999999999994,7.03,18988,8235,74
,35,0.084,6.48,23927,6460,119
,46,0.094,3.85,19339,12406,139
,58,0.132,10.08,15116,16208,148
,66,0.148,11.7,14753,11774,219
,32,0.773,1.89,11060,5896,79
,22,0.069,7.61,18963,8159,75
,34,0.09,6.01,23767,6445,119
,43,0.092,4.4,19381,12535,141
,55,0.131,10.05,14949,16119,149
,66,0.155,12.19,14922,11767,219
,29,0.771,1.82,10923,6093,82
,21,0.067,7.7,18863,8245,73
,33,0.081,6.49,23897,6718,118
,43,0.099,4.27,19404,12704,139
,57,0.129,9.92,14965,16083,148
,65,0.149,11.54,14823,11891,219
,29,0.779,1.89,11005,5842,82
,23,0.059,6.87,19045,8344,74
,34,0.079,6.41,23779,6393,120
,44,0.1,4.46,19434,12451,141
,55,0.129,10.2,14936,16198,148
,68,0.152,11.71,14768,11899,220
,28,0.789,1.66,10951,6003,80
